<?xml version="1.0" encoding="UTF-8"?>
<project-private xmlns="http://www.netbeans.org/ns/project-private/1">
    <editor-bookmarks xmlns="http://www.netbeans.org/ns/editor-bookmarks/2" lastBookmarkId="0"/>
    <open-files xmlns="http://www.netbeans.org/ns/projectui-open-files/2">
        <group>
            <file>file:/C:/Users/divya/Downloads/CMS/src/ECList.java</file>
            <file>file:/C:/Users/divya/Downloads/CMS/src/Password1.java</file>
            <file>file:/C:/Users/divya/Downloads/CMS/src/CustomerResolve.java</file>
            <file>file:/C:/Users/divya/Downloads/CMS/src/Password.java</file>
            <file>file:/C:/Users/divya/Downloads/CMS/src/EmployeeResolve.java</file>
            <file>file:/C:/Users/divya/Downloads/CMS/src/WorkAssign.java</file>
            <file>file:/C:/Users/divya/Downloads/CMS/src/DeleteCustomer.java</file>
            <file>file:/C:/Users/divya/Downloads/CMS/src/LoginPage.java</file>
            <file>file:/C:/Users/divya/Downloads/CMS/src/Profile1.java</file>
            <file>file:/C:/Users/divya/Downloads/CMS/src/EmployeeManagement.java</file>
            <file>file:/C:/Users/divya/Downloads/CMS/src/ISolved.java</file>
            <file>file:/C:/Users/divya/Downloads/CMS/src/Home2.java</file>
            <file>file:/C:/Users/divya/Downloads/CMS/src/OwnComplaint1.java</file>
            <file>file:/C:/Users/divya/Downloads/CMS/src/EmpComplaint.java</file>
            <file>file:/C:/Users/divya/Downloads/CMS/src/ViewCustomer.java</file>
            <file>file:/C:/Users/divya/Downloads/CMS/src/ESolved.java</file>
            <file>file:/C:/Users/divya/Downloads/CMS/src/Profile.java</file>
            <file>file:/C:/Users/divya/Downloads/CMS/src/Home1.java</file>
            <file>file:/C:/Users/divya/Downloads/CMS/src/ViewEmployee.java</file>
            <file>file:/C:/Users/divya/Downloads/CMS/src/ICList.java</file>
            <file>file:/C:/Users/divya/Downloads/CMS/src/OwnComplaint.java</file>
            <file>file:/C:/Users/divya/Downloads/CMS/src/CustComplaint.java</file>
            <file>file:/C:/Users/divya/Downloads/CMS/src/Password2.java</file>
            <file>file:/C:/Users/divya/Downloads/CMS/src/Home.java</file>
            <file>file:/C:/Users/divya/Downloads/CMS/src/Profile2.java</file>
        </group>
    </open-files>
</project-private>
